address,symbol,name,decimals,logo_uri,price_usdc,market_cap,liquidity_usd,volume_24h,price_change_24h,age_hours,pair_created_at,route_count,dexes,price_impact,has_dexscreener_data,is_tradeable,first_discovered_at,last_updated_at,discovery_source,tags,metadata,tx_count_24h,has_verified_contract,has_rug_check,rug_score,issues,quality_score,jupiter_ok,dex_ok,holders,invest_score
HHruLpQtvJiuEzVs5wH1VqVYYTYawjSyLoUdFR4orEBM,$PINU,Pepe Inu,6,https://cf-ipfs.com/ipfs/QmcH6ZoazojmhLvyHgtJnxEGG63pbzGPcKB3PtaWVV4Fxi,,,,,,,,,[],,0,0,2025-07-24 17:44:22,2025-07-24 17:44:22,jupiter,"[""unknown""]","{""jupiter_data"": {""logoURI"": ""https://cf-ipfs.com/ipfs/QmcH6ZoazojmhLvyHgtJnxEGG63pbzGPcKB3PtaWVV4Fxi"", ""extensions"": {}}, ""dexscreener_data"": {}, ""jupiter_price_data"": {}}",0,0,0,,,15.0,0,0,,
DPctgrGiqi7oC25ipQgpwByLsRWV4Rv6X3R1A3U5vUQv,$DOGE,SpongebobAnsemSonic69420wifInuAI,6,https://cf-ipfs.com/ipfs/QmYYfdrJdhJzajgnxwWQNtywwRRh3GdtHA1BW4MKsM2gXH,,18734.0,27043.65,6.4,,11270.828949560953,1712804079000,,[],,1,0,2025-07-24 17:44:23,2025-07-24 17:44:23,jupiter,"[""unknown""]","{""jupiter_data"": {""logoURI"": ""https://cf-ipfs.com/ipfs/QmYYfdrJdhJzajgnxwWQNtywwRRh3GdtHA1BW4MKsM2gXH"", ""extensions"": {}}, ""dexscreener_data"": {}, ""jupiter_price_data"": {}}",0,0,0,,,15.0,0,0,,
31BS2QnX5rQKggFxxPjCQsxkThMJ9SjzvVBZvrvfq1vX,$DOGE,SpongebobAnsemSonic69420wifInuAI,6,https://bafkreibhd4ircldyugzslxnch4fvrwttqvqguxooiimd65ss2w27pk2lfe.ipfs.nftstorage.link,,,,,,,,,[],,0,0,2025-07-24 17:44:24,2025-07-24 17:44:24,jupiter,"[""unknown"", ""token-2022""]","{""jupiter_data"": {""logoURI"": ""https://bafkreibhd4ircldyugzslxnch4fvrwttqvqguxooiimd65ss2w27pk2lfe.ipfs.nftstorage.link"", ""extensions"": {}}, ""dexscreener_data"": {}, ""jupiter_price_data"": {}}",0,0,0,,,15.0,0,0,,
F2msWUDQveUXdmZES8RF9BK5p8bCKWYkkWuZLeiMpump,$PINU,Pepe Inu Portal,6,https://cf-ipfs.com/ipfs/QmPQuc5kYE3hU4FFj7kVEH2izpUA3RR4k4Z5xxr2gaMT5G,,,,,,,,,[],,0,0,2025-07-24 17:44:24,2025-07-24 17:44:24,jupiter,"[""unknown""]","{""jupiter_data"": {""logoURI"": ""https://cf-ipfs.com/ipfs/QmPQuc5kYE3hU4FFj7kVEH2izpUA3RR4k4Z5xxr2gaMT5G"", ""extensions"": {}}, ""dexscreener_data"": {}, ""jupiter_price_data"": {}}",0,0,0,,,15.0,0,0,,
DWNAFrqV3WK6vpZv2AqMv79uDGg6DaGdNCNtbjZppump,$PINU,Pepe Inu,6,https://cf-ipfs.com/ipfs/QmcH6ZoazojmhLvyHgtJnxEGG63pbzGPcKB3PtaWVV4Fxi,,,,,,,,,[],,0,0,2025-07-24 17:44:25,2025-07-24 17:44:25,jupiter,"[""unknown""]","{""jupiter_data"": {""logoURI"": ""https://cf-ipfs.com/ipfs/QmcH6ZoazojmhLvyHgtJnxEGG63pbzGPcKB3PtaWVV4Fxi"", ""extensions"": {}}, ""dexscreener_data"": {}, ""jupiter_price_data"": {}}",0,0,0,,,15.0,0,0,,
W3HPFHeWk1E8QQww8k7jLdrdVvnbTNGMSjH7xgjYQzo,$DOGE,Dogelon Mars,5,https://bafkreihuw277cwkashuc2yrp62y7g7nvreoeb3ar4nmehbggmthz44xmce.ipfs.nftstorage.link,,,,,,,,,[],,0,0,2025-07-24 17:44:26,2025-07-24 17:44:26,jupiter,"[""unknown""]","{""jupiter_data"": {""logoURI"": ""https://bafkreihuw277cwkashuc2yrp62y7g7nvreoeb3ar4nmehbggmthz44xmce.ipfs.nftstorage.link"", ""extensions"": {}}, ""dexscreener_data"": {}, ""jupiter_price_data"": {}}",0,0,0,,,14.0,0,0,,
Fn6Pbi9DLcqXLzNafwiAcWux6kN8nxUWMBTcELYnC6Aj,$MAGAINU,MAGA INU COMMUNITY,6,https://cf-ipfs.com/ipfs/QmPxB9oE43yBHiJ4G5C9zc9MTJh3XJiimZr9vH7x2DBXEK,,,,,,,,,[],,0,0,2025-07-24 17:44:27,2025-07-24 17:44:27,jupiter,"[""unknown""]","{""jupiter_data"": {""logoURI"": ""https://cf-ipfs.com/ipfs/QmPxB9oE43yBHiJ4G5C9zc9MTJh3XJiimZr9vH7x2DBXEK"", ""extensions"": {}}, ""dexscreener_data"": {}, ""jupiter_price_data"": {}}",0,0,0,,,14.0,0,0,,
2UoCyjRYxgEvWrjobWg47jGu2eGnGjdVhL7kQFxsi98y,$TRUMPINU,Trump Inu,9,https://photos.pinksale.finance/file/pinksale-logo-upload/1710264267382-c47359af58cf676a484f54afccb3b5a4.jpeg,,,,,,,,,[],,0,0,2025-07-24 17:44:28,2025-07-24 17:44:28,jupiter,"[""unknown""]","{""jupiter_data"": {""logoURI"": ""https://photos.pinksale.finance/file/pinksale-logo-upload/1710264267382-c47359af58cf676a484f54afccb3b5a4.jpeg"", ""extensions"": {}}, ""dexscreener_data"": {}, ""jupiter_price_data"": {}}",0,0,0,,,14.0,0,0,,
2yd2Suus3YY4Sa7LHhn1PSHkjXj3XKrars4cCog2tGU8,$INA,pepeinatux,6,https://statics.solscan.io/cdn/imgs/s60?ref=68747470733a2f2f63662d697066732e636f6d2f697066732f516d6351324d7a4e7a686b714b5266554d50327042396d5a75317653396e714b32386d7654513848415063515150,,4549008.0,314616.8,25873.68,-2.2,10935.680271322972,1714010620000,,[],,1,0,2025-07-24 17:44:28,2025-07-24 17:44:28,jupiter,"[""community""]","{""jupiter_data"": {""logoURI"": ""https://statics.solscan.io/cdn/imgs/s60?ref=68747470733a2f2f63662d697066732e636f6d2f697066732f516d6351324d7a4e7a686b714b5266554d50327042396d5a75317653396e714b32386d7654513848415063515150"", ""extensions"": {}}, ""dexscreener_data"": {}, ""jupiter_price_data"": {}}",0,0,0,,,13.0,0,0,,
7G7SMGV9nSG316ykk6iobjMZWa8GZb15Wd25kgaZGTaZ,$DTJR,Donald Trump Jr.,6,https://statics.solscan.io/cdn/imgs/s60?ref=68747470733a2f2f63662d697066732e636f6d2f697066732f516d5a38556b52397a4c74566a3738437763667a4b7771377a57453463554463366448526d3574354b4c3462417a,,47801.0,53033.09,3.03,-0.64,9858.859578717584,1717887299000,,[],,1,0,2025-07-24 17:46:33,2025-07-24 17:46:33,jupiter,"[""community""]","{""jupiter_data"": {""logoURI"": ""https://statics.solscan.io/cdn/imgs/s60?ref=68747470733a2f2f63662d697066732e636f6d2f697066732f516d5a38556b52397a4c74566a3738437763667a4b7771377a57453463554463366448526d3574354b4c3462417a"", ""extensions"": {}}, ""dexscreener_data"": {}, ""jupiter_price_data"": {}}",0,0,0,,,13.0,0,0,,
96QoNkZLTKH7Gecf6dKMRXBQXW1wqh378uF9pnTejgAw,$POPO,Popo Pepe's Dog,9,https://gateway.irys.xyz/NsqnWfvg7r-SmICp9Gy5fIEBFWYlshxcSiV92H39_k4,,,,,,,,,[],,0,0,2025-07-24 17:48:05,2025-07-24 17:48:05,jupiter,"[""community""]","{""jupiter_data"": {""logoURI"": ""https://gateway.irys.xyz/NsqnWfvg7r-SmICp9Gy5fIEBFWYlshxcSiV92H39_k4"", ""extensions"": {}}, ""dexscreener_data"": {}, ""jupiter_price_data"": {}}",0,0,0,,,13.0,0,0,,
9hdniLw2NdQA9Q1H3MJ42RZMqcXb8v9uWq6A2BmCpump,$Alvey,Alvey Chain,6,https://cf-ipfs.com/ipfs/QmZpGhS8RPGkX8vu5EEiaXfeehEEcCwEGroMxUKYJxoTWR,,,,,,,,,[],,0,0,2025-07-24 17:48:06,2025-07-24 17:48:06,jupiter,"[""unknown""]","{""jupiter_data"": {""logoURI"": ""https://cf-ipfs.com/ipfs/QmZpGhS8RPGkX8vu5EEiaXfeehEEcCwEGroMxUKYJxoTWR"", ""extensions"": {}}, ""dexscreener_data"": {}, ""jupiter_price_data"": {}}",0,0,0,,,13.0,0,0,,
8SJYe8pV4ChYRb6RMZK5nv2rjLLuFrmz9BLQiditpump,$TAIM,Turkish Aim,6,https://cf-ipfs.com/ipfs/QmaFULr7pjxN384dYonjfByh3DrY3nsB94MtxBTLjdbDFC,,,,,,,,,[],,0,0,2025-07-24 17:48:07,2025-07-24 17:48:07,jupiter,"[""unknown""]","{""jupiter_data"": {""logoURI"": ""https://cf-ipfs.com/ipfs/QmaFULr7pjxN384dYonjfByh3DrY3nsB94MtxBTLjdbDFC"", ""extensions"": {}}, ""dexscreener_data"": {}, ""jupiter_price_data"": {}}",0,0,0,,,13.0,0,0,,
7fjwnsiL555Lv51m93nVkktHDnATjoa7QFSYVo83ZMGB,$USDT,United States Donald Trump,9,https://gateway.irys.xyz/zvGKmAc170dH0ygk0khLWOPmGY_qQoo9RtCQe0bWWjU,,,,,,,,,[],,0,0,2025-07-24 17:48:08,2025-07-24 17:48:08,jupiter,"[""unknown""]","{""jupiter_data"": {""logoURI"": ""https://gateway.irys.xyz/zvGKmAc170dH0ygk0khLWOPmGY_qQoo9RtCQe0bWWjU"", ""extensions"": {}}, ""dexscreener_data"": {}, ""jupiter_price_data"": {}}",0,0,0,,,13.0,0,0,,
4o6fYgf4PpkgmXPfsccyg1SqK5g9gyYrnztKWS9Ppump,$HAIRS,THE HAIR STAY ON,6,https://cf-ipfs.com/ipfs/Qmf5t4qTBKuNUBTfeD99Mt2J3L8VhkUnshJmRA5tP1GvK6,,,,,,,,,[],,0,0,2025-07-24 17:48:09,2025-07-24 17:48:09,jupiter,"[""unknown""]","{""jupiter_data"": {""logoURI"": ""https://cf-ipfs.com/ipfs/Qmf5t4qTBKuNUBTfeD99Mt2J3L8VhkUnshJmRA5tP1GvK6"", ""extensions"": {}}, ""dexscreener_data"": {}, ""jupiter_price_data"": {}}",0,0,0,,,13.0,0,0,,
2WM1zfu1SdXKrh3u3KK12zfQHemVwTQq7nuEdqvmpump,FRUMP,FLOG TRUMP,6,https://cf-ipfs.com/ipfs/QmVrBhXo1tTtkmuHKcDQjTK9PytDRc6JEfj5ULNrJomELs,,,,,,,,,[],,0,0,2025-07-24 17:57:33,2025-07-24 17:57:33,jupiter,"[""unknown""]","{""jupiter_data"": {""logoURI"": ""https://cf-ipfs.com/ipfs/QmVrBhXo1tTtkmuHKcDQjTK9PytDRc6JEfj5ULNrJomELs"", ""extensions"": {}}, ""dexscreener_data"": {}, ""jupiter_price_data"": {}}",0,0,0,,,11.0,0,0,,
AGLtNFSm3XNuidfAikPWW3aQhjEMwjGfXSEXAXWfpump,Mimu,CAPTAIN MIMU,6,https://cf-ipfs.com/ipfs/QmZTfExAU9Q3BeX1pq4kfhBMD5iUCDxeDQttwG6i48jiyi,,,,,,,,,[],,0,0,2025-07-24 17:57:34,2025-07-24 17:57:34,jupiter,"[""unknown""]","{""jupiter_data"": {""logoURI"": ""https://cf-ipfs.com/ipfs/QmZTfExAU9Q3BeX1pq4kfhBMD5iUCDxeDQttwG6i48jiyi"", ""extensions"": {}}, ""dexscreener_data"": {}, ""jupiter_price_data"": {}}",0,0,0,,,11.0,0,0,,
3vhMTkDpQ1HK21rodbQD9N18QWeifoeGrMka8MZZrdPH,TRUMPWIF,TRUMPWIFHAT,9,https://arweave.net/oZDCk7hBLtEgRrxwfde9htYjwrhvuMpLFkcyvVH2nvo,,,,,,,,,[],,0,0,2025-07-24 17:57:35,2025-07-24 17:57:35,jupiter,"[""unknown""]","{""jupiter_data"": {""logoURI"": ""https://arweave.net/oZDCk7hBLtEgRrxwfde9htYjwrhvuMpLFkcyvVH2nvo"", ""extensions"": {}}, ""dexscreener_data"": {}, ""jupiter_price_data"": {}}",0,0,0,,,10.0,0,0,,
GQJednxbnHqwWNWMDpidsiBWog8cftafdBCnQK3fj4UV,SLR,ShibaLovesRadler,9,https://ipfs.io/ipfs/QmNkAhYwMgEELWBi6G9dc5eVJ6ExsGERrPmL5wXKxdhoeY,,,,,,,,,[],,0,0,2025-07-24 17:57:36,2025-07-24 17:57:36,jupiter,"[""unknown""]","{""jupiter_data"": {""logoURI"": ""https://ipfs.io/ipfs/QmNkAhYwMgEELWBi6G9dc5eVJ6ExsGERrPmL5wXKxdhoeY"", ""extensions"": {}}, ""dexscreener_data"": {}, ""jupiter_price_data"": {}}",0,0,0,,,9.0,0,0,,
FjBa9mAbCR3iAarbMEEx2DXBdEAkeY6KwtHCDNnN6d4Z,$BBIF,BabyBonkWifHat,5,https://bafkreifvm7mvnyvwwamzpcnfo2k7y5ccye5elheofkbqorifttb2lrwbbq.ipfs.nftstorage.link,,,,,,,,,[],,0,0,2025-07-24 17:57:37,2025-07-24 17:57:37,jupiter,"[""unknown""]","{""jupiter_data"": {""logoURI"": ""https://bafkreifvm7mvnyvwwamzpcnfo2k7y5ccye5elheofkbqorifttb2lrwbbq.ipfs.nftstorage.link"", ""extensions"": {}}, ""dexscreener_data"": {}, ""jupiter_price_data"": {}}",0,0,0,,,7.0,0,0,,
ADdGdKDtnMcKQBA2zNKMxsWvWPgGcCiPM63wp7Z2d1xF,Fat,Fat Cat,6,https://i.imgur.com/sXIABT9.png,,,,,,,,,[],,0,0,2025-07-24 17:57:37,2025-07-24 17:57:37,jupiter,"[""unknown""]","{""jupiter_data"": {""logoURI"": ""https://i.imgur.com/sXIABT9.png"", ""extensions"": {}}, ""dexscreener_data"": {}, ""jupiter_price_data"": {}}",0,0,0,,,6.0,0,0,,
ag9ybWDTB9XJYcvGSAwhnw7cKSzLPLsYLtk5FebCpQc,SDOOG,Smol Doog,8,https://gateway.irys.xyz/MicV4JmeZkpoOHRCLn2LuZC58iI5nK_ADqxHm2chB64,,,,,,,,,[],,0,0,2025-07-24 17:57:38,2025-07-24 17:57:38,jupiter,"[""unknown""]","{""jupiter_data"": {""logoURI"": ""https://gateway.irys.xyz/MicV4JmeZkpoOHRCLn2LuZC58iI5nK_ADqxHm2chB64"", ""extensions"": {}}, ""dexscreener_data"": {}, ""jupiter_price_data"": {}}",0,0,0,,,6.0,0,0,,
7zmQe4WR6oRZvhBiJ6cDGATz6W64jZ29KgcBoNAtw8m9,$UP,WE'RE SO FUCKING BACK ðŸ“ˆ,6,,,,,,,,,,[],,0,0,2025-07-24 17:57:39,2025-07-24 17:57:39,jupiter,"[""unknown""]","{""jupiter_data"": {""logoURI"": null, ""extensions"": {}}, ""dexscreener_data"": {}, ""jupiter_price_data"": {}}",0,0,0,,,6.0,0,0,,
GV6hrDPki7d6MduxTTytvcoDnWiW6euef1fXhSffm3xG,gummeh,gummeh,9,https://bafkreibsda73uvpsswxvo7zevq3hgyr3nudhl6rjlseabs2ycignmyjv6i.ipfs.nftstorage.link,,,,,,,,,[],,0,0,2025-07-24 17:57:40,2025-07-24 17:57:40,jupiter,"[""unknown""]","{""jupiter_data"": {""logoURI"": ""https://bafkreibsda73uvpsswxvo7zevq3hgyr3nudhl6rjlseabs2ycignmyjv6i.ipfs.nftstorage.link"", ""extensions"": {}}, ""dexscreener_data"": {}, ""jupiter_price_data"": {}}",0,0,0,,,6.0,0,0,,
E3tomyWhSXCDmeK3u9YNM7dBYemSiyVRoJJcAxQMD5A1,Mr.PB,PeachyBunda,9,https://ipfs.io/ipfs/QmQcPi19EMy7VduHEbMm3qVQAwvFBjdVciqzd5p74pPoRr,,,,,,,,,[],,0,0,2025-07-24 17:57:40,2025-07-24 17:57:40,jupiter,"[""unknown""]","{""jupiter_data"": {""logoURI"": ""https://ipfs.io/ipfs/QmQcPi19EMy7VduHEbMm3qVQAwvFBjdVciqzd5p74pPoRr"", ""extensions"": {}}, ""dexscreener_data"": {}, ""jupiter_price_data"": {}}",0,0,0,,,6.0,0,0,,
4ZLCLAZAYKBam2SSY5TgXrymC5BhPxURux1zwgL2rPVV,PINFINITY,PEPE INFINITY,9,https://freeimghost.net/images/2024/02/12/photo_2024-02-12_12-24-48.jpeg,,,,,,,,,[],,0,0,2025-07-24 17:58:09,2025-07-24 17:58:09,jupiter,"[""unknown""]","{""jupiter_data"": {""logoURI"": ""https://freeimghost.net/images/2024/02/12/photo_2024-02-12_12-24-48.jpeg"", ""extensions"": {}}, ""dexscreener_data"": {}, ""jupiter_price_data"": {}}",0,0,0,,,10.0,0,0,,
DdWyLBPLkn2ncP9aiDMQ3MSesfgbRijmR7j1NapG8ksh,BTCINU,BTCINU SOLANA,9,https://bafkreih7g2enhvrvljsu73nnfefv6tr3kz2bncqyy3ijdtclna4lq5xona.ipfs.nftstorage.link,,,,,,,,,[],,0,0,2025-07-24 17:58:10,2025-07-24 17:58:10,jupiter,"[""unknown""]","{""jupiter_data"": {""logoURI"": ""https://bafkreih7g2enhvrvljsu73nnfefv6tr3kz2bncqyy3ijdtclna4lq5xona.ipfs.nftstorage.link"", ""extensions"": {}}, ""dexscreener_data"": {}, ""jupiter_price_data"": {}}",0,0,0,,,8.0,0,0,,
U4gE1oyxKCJ4mhViZM9sToyn3cy62LhEEywL7Vwpump,WrappedINU,WrappedINU,6,https://cf-ipfs.com/ipfs/QmR7m9YnabLPD5SufyN5te3vAGLoVmn9GkrgVTRdPiLJPa,,,,,,,,,[],,0,0,2025-07-24 17:58:11,2025-07-24 17:58:11,jupiter,"[""unknown""]","{""jupiter_data"": {""logoURI"": ""https://cf-ipfs.com/ipfs/QmR7m9YnabLPD5SufyN5te3vAGLoVmn9GkrgVTRdPiLJPa"", ""extensions"": {}}, ""dexscreener_data"": {}, ""jupiter_price_data"": {}}",0,0,0,,,7.0,0,0,,
HBS6W4CtGh7uF6cBtKmsv34URMEgiE4FmwbbWRqT8ZML,$WNEIROZS,wrapped neirozs,6,https://cf-ipfs.com/ipfs/Qmcu5fTEcPLfRSGRndC1v5KR5PzZ32AxxweZcL24PohsFQ,,,,,,,,,[],,0,0,2025-07-24 17:58:12,2025-07-24 17:58:12,jupiter,"[""unknown""]","{""jupiter_data"": {""logoURI"": ""https://cf-ipfs.com/ipfs/Qmcu5fTEcPLfRSGRndC1v5KR5PzZ32AxxweZcL24PohsFQ"", ""extensions"": {}}, ""dexscreener_data"": {}, ""jupiter_price_data"": {}}",0,0,0,,,7.0,0,0,,
Cpsy4YxVREZ8w9JFhkHdJJREw5oZZ2AVGmUG4Krapump,$SAMMY,SAMMY,6,https://cf-ipfs.com/ipfs/QmbmrZcGPx47n2RJ6qgf42SdSRdzU8xBXc5H9QdUvFtbfT,,,,,,,,,[],,0,0,2025-07-24 17:58:12,2025-07-24 17:58:12,jupiter,"[""unknown""]","{""jupiter_data"": {""logoURI"": ""https://cf-ipfs.com/ipfs/QmbmrZcGPx47n2RJ6qgf42SdSRdzU8xBXc5H9QdUvFtbfT"", ""extensions"": {}}, ""dexscreener_data"": {}, ""jupiter_price_data"": {}}",0,0,0,,,7.0,0,0,,
Hz3jcLkX7Z99bszEFyx2cJ6n4mi8mf1npxUWTcWJpump,WIENER,Costco Wiener,6,https://cf-ipfs.com/ipfs/QmbFRMsnmrXF5LTV6eYydbD7MRvoUZgyGedcPuLCyS8pCd,,,,,,,,,[],,0,0,2025-07-24 17:58:13,2025-07-24 17:58:13,jupiter,"[""unknown""]","{""jupiter_data"": {""logoURI"": ""https://cf-ipfs.com/ipfs/QmbFRMsnmrXF5LTV6eYydbD7MRvoUZgyGedcPuLCyS8pCd"", ""extensions"": {}}, ""dexscreener_data"": {}, ""jupiter_price_data"": {}}",0,0,0,,,6.0,0,0,,
EQ4RH8fcHAYbHozEJKLeWCUp9Zd2pYkJLRCsXEgnzgoK,flexin,Aesthetidog,6,https://cf-ipfs.com/ipfs/QmdGncP5VNMZwCAE7UU8q5GUMNJeSXCqZtcZqJPqzv1WJA,,,,,,,,,[],,0,0,2025-07-24 17:58:14,2025-07-24 17:58:14,jupiter,"[""unknown""]","{""jupiter_data"": {""logoURI"": ""https://cf-ipfs.com/ipfs/QmdGncP5VNMZwCAE7UU8q5GUMNJeSXCqZtcZqJPqzv1WJA"", ""extensions"": {}}, ""dexscreener_data"": {}, ""jupiter_price_data"": {}}",0,0,0,,,6.0,0,0,,
FhnP3vzZXrfSKz3fnEqeZqnmDPU6pW7AD63NgvcLjtLR,UZZY,UZZYONSOLANA,6,https://cf-ipfs.com/ipfs/QmaaeajUyqxF4AQXC8z8a9htUpbmXM34LLwNsCdonG1tYK,,10069.0,15939.5,8.76,,10697.555071769002,1714868697000,,[],,1,0,2025-07-24 17:58:15,2025-07-24 17:58:15,jupiter,"[""unknown""]","{""jupiter_data"": {""logoURI"": ""https://cf-ipfs.com/ipfs/QmaaeajUyqxF4AQXC8z8a9htUpbmXM34LLwNsCdonG1tYK"", ""extensions"": {}}, ""dexscreener_data"": {}, ""jupiter_price_data"": {}}",0,0,0,,,6.0,0,0,,
AiF6hVeZPLCzddFUs6TcDfTjrNZMgLiLFkoKRgzyQ2Jn,PUGZEE,Pugzee Malonee,9,https://ipfs.io/ipfs/QmbLE72rENV4vw5b9ErYxQSPMKJ3J6nCjmT4LxonripwcU,,,,,,,,,[],,0,0,2025-07-24 17:58:15,2025-07-24 17:58:15,jupiter,"[""unknown""]","{""jupiter_data"": {""logoURI"": ""https://ipfs.io/ipfs/QmbLE72rENV4vw5b9ErYxQSPMKJ3J6nCjmT4LxonripwcU"", ""extensions"": {}}, ""dexscreener_data"": {}, ""jupiter_price_data"": {}}",0,0,0,,,6.0,0,0,,
8iA5Fv25HaYBRptx4E5CHFHvhYGLjNPCX9ZFcczyNMV2,DOLF,RUDOLF,6,https://ipfs.io/ipfs/bafkreiesszle6ybcaxc6nqgiw6fm7uio54qvoj7iz6lbb5453elza6uhdy,,,,,,,,,[],,0,0,2025-07-24 17:58:16,2025-07-24 17:58:16,jupiter,"[""unknown""]","{""jupiter_data"": {""logoURI"": ""https://ipfs.io/ipfs/bafkreiesszle6ybcaxc6nqgiw6fm7uio54qvoj7iz6lbb5453elza6uhdy"", ""extensions"": {}}, ""dexscreener_data"": {}, ""jupiter_price_data"": {}}",0,0,0,,,6.0,0,0,,
535gWrCFZe6H3YFM7CFSharQefXXsV9SFfQREDtUpump,CWBS,CatWithBananaStiker,6,https://cf-ipfs.com/ipfs/QmfQRRZcDvv8wEAdw6BDhXtkkvPf3GrSaF2BPhyhsUvGei,,,,,,,,,[],,0,0,2025-07-24 17:58:17,2025-07-24 17:58:17,jupiter,"[""unknown""]","{""jupiter_data"": {""logoURI"": ""https://cf-ipfs.com/ipfs/QmfQRRZcDvv8wEAdw6BDhXtkkvPf3GrSaF2BPhyhsUvGei"", ""extensions"": {}}, ""dexscreener_data"": {}, ""jupiter_price_data"": {}}",0,0,0,,,6.0,0,0,,
9ZgTEWNKkEf76SWzaGSGEzaq2dtM3Ac8pv6aujSmpump,GUN,Yejis Gun,6,https://cf-ipfs.com/ipfs/QmSPtAaoVik2veTEHUYJdF6JKF7LmnwGt6xU7AkJjGaHgz,,,,,,,,,[],,0,0,2025-07-24 17:58:18,2025-07-24 17:58:18,jupiter,"[""unknown""]","{""jupiter_data"": {""logoURI"": ""https://cf-ipfs.com/ipfs/QmSPtAaoVik2veTEHUYJdF6JKF7LmnwGt6xU7AkJjGaHgz"", ""extensions"": {}}, ""dexscreener_data"": {}, ""jupiter_price_data"": {}}",0,0,0,,,6.0,0,0,,
CJdfm5moR4FXVY2sJaPi55GqqUzXuPZACABceNR9pump,HARRIS,HARRIS FOR PRESIDENT,6,https://cf-ipfs.com/ipfs/QmbsAm6tBjf4RKiaPD4BbUriuokJAtydeVVaTxKCFs55XQ,,,,,,,,,[],,0,0,2025-07-24 17:58:19,2025-07-24 17:58:19,jupiter,"[""unknown""]","{""jupiter_data"": {""logoURI"": ""https://cf-ipfs.com/ipfs/QmbsAm6tBjf4RKiaPD4BbUriuokJAtydeVVaTxKCFs55XQ"", ""extensions"": {}}, ""dexscreener_data"": {}, ""jupiter_price_data"": {}}",0,0,0,,,6.0,0,0,,
4NGvSsVoty8ztMVjDU5unfgKSCYL7iAVkj2v2v1rdUqB,CROC,CrockedIn,6,https://cf-ipfs.com/ipfs/QmYowELjP7pjeQ3NrvNCTRf5ZE7u4CHRRgqk9tn6n1hFbj,,,,,,,,,[],,0,0,2025-07-24 17:58:20,2025-07-24 17:58:20,jupiter,"[""unknown""]","{""jupiter_data"": {""logoURI"": ""https://cf-ipfs.com/ipfs/QmYowELjP7pjeQ3NrvNCTRf5ZE7u4CHRRgqk9tn6n1hFbj"", ""extensions"": {}}, ""dexscreener_data"": {}, ""jupiter_price_data"": {}}",0,0,0,,,6.0,0,0,,
FGmvMMj2WPywVWX2Q8qFxMDrx3nPi6RFMmvCXAK3pump,BFD,bitcoin for dummies,6,https://cf-ipfs.com/ipfs/QmTBm5iqjGViteRvXNJi13hWPFmRYuPDojFi3dU9zkRJ4b,,,,,,,,,[],,0,0,2025-07-24 17:58:20,2025-07-24 17:58:20,jupiter,"[""unknown""]","{""jupiter_data"": {""logoURI"": ""https://cf-ipfs.com/ipfs/QmTBm5iqjGViteRvXNJi13hWPFmRYuPDojFi3dU9zkRJ4b"", ""extensions"": {}}, ""dexscreener_data"": {}, ""jupiter_price_data"": {}}",0,0,0,,,6.0,0,0,,
GNrh7kcH8ag4ZM4stPbkzT4xwFBEBL7TJ2bmSKRfgD2h,KDOGE,KarenDoge,6,https://bafybeifgcfem6igxykiklzgfyumnmd53lhw36zzllp2gywmxkwed4ziine.ipfs.nftstorage.link,,,,,,,,,[],,0,0,2025-07-24 17:59:28,2025-07-24 17:59:28,jupiter,"[""unknown""]","{""jupiter_data"": {""logoURI"": ""https://bafybeifgcfem6igxykiklzgfyumnmd53lhw36zzllp2gywmxkwed4ziine.ipfs.nftstorage.link"", ""extensions"": {}}, ""dexscreener_data"": {}, ""jupiter_price_data"": {}}",0,0,0,,,11.0,0,0,,
2ky5u3FAD3HqAXRjsSXsXS7LTAXbzNR7vzS2NfZsYkfD,ELON420,ElonWifBlunt,9,https://media.discordapp.net/attachments/1216859035266191511/1231321693188915293/IMAGE_2024-04-20_220700.png?ex=66256530&is=662413b0&hm=7acc3973e6bc4a47db9315a75e06834ea8f7f41566e0dbf43632b773998c40c2&=&format=webp&quality=lossless&width=325&height=325,,,,,,,,,[],,0,0,2025-07-24 17:59:29,2025-07-24 17:59:29,jupiter,"[""unknown""]","{""jupiter_data"": {""logoURI"": ""https://media.discordapp.net/attachments/1216859035266191511/1231321693188915293/IMAGE_2024-04-20_220700.png?ex=66256530&is=662413b0&hm=7acc3973e6bc4a47db9315a75e06834ea8f7f41566e0dbf43632b773998c40c2&=&format=webp&quality=lossless&width=325&height=325"", ""extensions"": {}}, ""dexscreener_data"": {}, ""jupiter_price_data"": {}}",0,0,0,,,10.0,0,0,,
7WWDSs44T7f3Bg9aRTgYan4H66D93wdybPSqzhS8hSfN,WEWE,MASTER WOLONG PEPE,1,https://arweave.net/tcZ3HXMTMTeA_sct9urPY8SvWyb-XIjzwGIJ9luG-bg,,,,,,,,,[],,0,0,2025-07-24 17:59:30,2025-07-24 17:59:30,jupiter,"[""unknown""]","{""jupiter_data"": {""logoURI"": ""https://arweave.net/tcZ3HXMTMTeA_sct9urPY8SvWyb-XIjzwGIJ9luG-bg"", ""extensions"": {}}, ""dexscreener_data"": {}, ""jupiter_price_data"": {}}",0,0,0,,,10.0,0,0,,
C8JKoszyxMV8a4yw2SE4iY4jj2WJwr4uLGjr5ecrE6o3,BYEDEN,JOE BIDEN OUT,9,https://arweave.net/iijCDFenx5QVfh52KBXy3O1s_S_7Tfw9arG22x6Z0Xo,,,,,,,,,[],,0,0,2025-07-24 17:59:31,2025-07-24 17:59:31,jupiter,"[""unknown""]","{""jupiter_data"": {""logoURI"": ""https://arweave.net/iijCDFenx5QVfh52KBXy3O1s_S_7Tfw9arG22x6Z0Xo"", ""extensions"": {}}, ""dexscreener_data"": {}, ""jupiter_price_data"": {}}",0,0,0,,,9.0,0,0,,
HkZ5cfpZoKDW64NHgwH58bntb28YrCsjVWbNqGtd8Hk,$QUEEN,Queen Elizabeth ll,6,https://bafkreih4xzrxfw2vbrv7r6ltugh3vxtskztt6ew7ghwkr7pxfx7tuzxwuy.ipfs.nftstorage.link,,,,,,,,,[],,0,0,2025-07-24 17:59:32,2025-07-24 17:59:32,jupiter,"[""unknown""]","{""jupiter_data"": {""logoURI"": ""https://bafkreih4xzrxfw2vbrv7r6ltugh3vxtskztt6ew7ghwkr7pxfx7tuzxwuy.ipfs.nftstorage.link"", ""extensions"": {}}, ""dexscreener_data"": {}, ""jupiter_price_data"": {}}",0,0,0,,,8.0,0,0,,
4Wu328xzYsdrdAJMKkGjtzCGa3hCko8ueFhcLfnktkwz,$KIBA,KIBA INU TOKEN,8,https://gateway.irys.xyz/p_CUldLdSLphEg7uyAMjr4zjA-dVBGfZlL5Nr9qon2A,,,,,,,,,[],,0,0,2025-07-24 17:59:32,2025-07-24 17:59:32,jupiter,"[""unknown""]","{""jupiter_data"": {""logoURI"": ""https://gateway.irys.xyz/p_CUldLdSLphEg7uyAMjr4zjA-dVBGfZlL5Nr9qon2A"", ""extensions"": {}}, ""dexscreener_data"": {}, ""jupiter_price_data"": {}}",0,0,0,,,8.0,0,0,,
BsctxNXGUBMr8MVWby9Gxhfa6yzcxR3i2zHn8vXGpump,$MC,im lovin' it,6,https://cf-ipfs.com/ipfs/QmdvdSHV6d9VDq6CZDsQBq9dSanyvqJaUw36kcEmQrjQzi,,,,,,,,,[],,0,0,2025-07-24 17:59:33,2025-07-24 17:59:33,jupiter,"[""unknown""]","{""jupiter_data"": {""logoURI"": ""https://cf-ipfs.com/ipfs/QmdvdSHV6d9VDq6CZDsQBq9dSanyvqJaUw36kcEmQrjQzi"", ""extensions"": {}}, ""dexscreener_data"": {}, ""jupiter_price_data"": {}}",0,0,0,,,8.0,0,0,,
8YL3nyFgJzzFstE1WrjEamhdRMj4eaEo8ZkofKbfpump,$TGAYBEAR,the gay bear,6,https://cf-ipfs.com/ipfs/QmcEs97Fqj1g7ttL7zVzVV7fz26YgV6YiBfvapgRAdXs4E,,,,,,,,,[],,0,0,2025-07-24 17:59:34,2025-07-24 17:59:34,jupiter,"[""unknown""]","{""jupiter_data"": {""logoURI"": ""https://cf-ipfs.com/ipfs/QmcEs97Fqj1g7ttL7zVzVV7fz26YgV6YiBfvapgRAdXs4E"", ""extensions"": {}}, ""dexscreener_data"": {}, ""jupiter_price_data"": {}}",0,0,0,,,7.0,0,0,,
Eac43hMVVje3BjKeXQrY3zkkyERjPXbsiaqGW9Qgpump,BBM,BRING BULL MARKET,6,https://cf-ipfs.com/ipfs/QmPW4CT4KV71CamhitCZXUm6wk6TejA2NHu68VeoT9xzuj,,,,,,,,,[],,0,0,2025-07-24 17:59:35,2025-07-24 17:59:35,jupiter,"[""unknown""]","{""jupiter_data"": {""logoURI"": ""https://cf-ipfs.com/ipfs/QmPW4CT4KV71CamhitCZXUm6wk6TejA2NHu68VeoT9xzuj"", ""extensions"": {}}, ""dexscreener_data"": {}, ""jupiter_price_data"": {}}",0,0,0,,,6.0,0,0,,
71tUuNEhjxPzyifxh6PEipnmxYdZiLsDm6HSX1P8pump,RC,RUSS Coin,6,https://cf-ipfs.com/ipfs/QmQVKM4uz3HibCXAXkwMZBseP2RJfHh9pDh5reMFR6RdMM,,,,,,,,,[],,0,0,2025-07-24 17:59:36,2025-07-24 17:59:36,jupiter,"[""unknown""]","{""jupiter_data"": {""logoURI"": ""https://cf-ipfs.com/ipfs/QmQVKM4uz3HibCXAXkwMZBseP2RJfHh9pDh5reMFR6RdMM"", ""extensions"": {}}, ""dexscreener_data"": {}, ""jupiter_price_data"": {}}",0,0,0,,,6.0,0,0,,
GCjhEEviDzCBPqrF5nNDYELaGpWB5fxnuAze5oUPpump,jpg ,jpg cat,6,https://cf-ipfs.com/ipfs/QmXFfG7dj5gi3wb4NhSgohY1CWKD25EPTEUxDuTXc39gZg,,,,,,,,,[],,0,0,2025-07-24 17:59:37,2025-07-24 17:59:37,jupiter,"[""unknown""]","{""jupiter_data"": {""logoURI"": ""https://cf-ipfs.com/ipfs/QmXFfG7dj5gi3wb4NhSgohY1CWKD25EPTEUxDuTXc39gZg"", ""extensions"": {}}, ""dexscreener_data"": {}, ""jupiter_price_data"": {}}",0,0,0,,,6.0,0,0,,
8VpoSH6ojwZopW9Jdcg7pXCfraC2o3wUvbZCCNTbpump,HIJACK,Terrorists Love Toyota,6,https://cf-ipfs.com/ipfs/QmbNnSMDZaygkXsr5NRa18Mogbr8GvMGbWcAApVaq38zDR,,,,,,,,,[],,0,0,2025-07-24 17:59:37,2025-07-24 17:59:37,jupiter,"[""unknown""]","{""jupiter_data"": {""logoURI"": ""https://cf-ipfs.com/ipfs/QmbNnSMDZaygkXsr5NRa18Mogbr8GvMGbWcAApVaq38zDR"", ""extensions"": {}}, ""dexscreener_data"": {}, ""jupiter_price_data"": {}}",0,0,0,,,6.0,0,0,,
3i7tQxtrQqNgWbmGg1yMSbRJPJtbheUUKzxuJoJDpump,WIN,WIN WIN WIN,6,https://cf-ipfs.com/ipfs/QmRY4hsi2XrE858v9Ci44fZRa1p9Rrgb6Zp3egUUXwGAdi,,,,,,,,,[],,0,0,2025-07-24 17:59:38,2025-07-24 17:59:38,jupiter,"[""unknown""]","{""jupiter_data"": {""logoURI"": ""https://cf-ipfs.com/ipfs/QmRY4hsi2XrE858v9Ci44fZRa1p9Rrgb6Zp3egUUXwGAdi"", ""extensions"": {}}, ""dexscreener_data"": {}, ""jupiter_price_data"": {}}",0,0,0,,,6.0,0,0,,
ZCtAzBMrdrodHDN81BUXLbJFWnyp2J4iT5ejPfZXSrR,HEMAN,He-Man,8,https://gateway.irys.xyz/aCSyRzzZCTrkxgSZBC0hO3qokhpEUFYACGB44XdrwXc,,,,,,,,,[],,0,0,2025-07-24 17:59:39,2025-07-24 17:59:39,jupiter,"[""unknown""]","{""jupiter_data"": {""logoURI"": ""https://gateway.irys.xyz/aCSyRzzZCTrkxgSZBC0hO3qokhpEUFYACGB44XdrwXc"", ""extensions"": {}}, ""dexscreener_data"": {}, ""jupiter_price_data"": {}}",0,0,0,,,6.0,0,0,,
4bNvwbR1kKAHGANdrcZiy3haJxd3WmDjefPAvvadpump,YeBwoy,YeBwoy ,6,https://cf-ipfs.com/ipfs/Qmd6M2NiyaX3DSHXaV25Pb9VPj2vjs5JPiQjCqX64QENxt,,,,,,,,,[],,0,0,2025-07-24 17:59:40,2025-07-24 17:59:40,jupiter,"[""unknown""]","{""jupiter_data"": {""logoURI"": ""https://cf-ipfs.com/ipfs/Qmd6M2NiyaX3DSHXaV25Pb9VPj2vjs5JPiQjCqX64QENxt"", ""extensions"": {}}, ""dexscreener_data"": {}, ""jupiter_price_data"": {}}",0,0,0,,,6.0,0,0,,
55dgnDaHTQcNRnCpVkmWNzfmTmdEQjyDQpfD4YL61vPy,TFC,TrumpFun ,6,https://pump.mypinata.cloud/ipfs/QmYFnEYEpVKGci1dhbEfw9DkcU966g6VUPireq1SfzTFjt,,,,,,,,,[],,0,0,2025-07-24 18:00:47,2025-07-24 18:00:47,jupiter,"[""unknown""]","{""jupiter_data"": {""logoURI"": ""https://pump.mypinata.cloud/ipfs/QmYFnEYEpVKGci1dhbEfw9DkcU966g6VUPireq1SfzTFjt"", ""extensions"": {}}, ""dexscreener_data"": {}, ""jupiter_price_data"": {}}",0,0,0,,,11.0,0,0,,
3zXrDQV4ut57P2fFMjCeskHNSLUnfu7axBv95q8xZmbU,TRUMP,Trump Campaign,6,https://gateway.irys.xyz/TZZ7CpzLUdaohnKjc5ney-0E0mcIyErS_VfaQ5ejsms,,,,,,,,,[],,0,0,2025-07-24 18:00:48,2025-07-24 18:00:48,jupiter,"[""unknown""]","{""jupiter_data"": {""logoURI"": ""https://gateway.irys.xyz/TZZ7CpzLUdaohnKjc5ney-0E0mcIyErS_VfaQ5ejsms"", ""extensions"": {}}, ""dexscreener_data"": {}, ""jupiter_price_data"": {}}",0,0,0,,,11.0,0,0,,
AgR3mPDRwzDokZH1Qem5pCWKLmFA1DN3NKfyC76Qpump,FIRSTDOGE,FIRSTDOGE,6,https://cf-ipfs.com/ipfs/QmUfsXiYn8DMziGSQm9Tnzen856F95KDj9C4ZE5bwtt1fi,,,,,,,,,[],,0,0,2025-07-24 18:00:48,2025-07-24 18:00:48,jupiter,"[""unknown""]","{""jupiter_data"": {""logoURI"": ""https://cf-ipfs.com/ipfs/QmUfsXiYn8DMziGSQm9Tnzen856F95KDj9C4ZE5bwtt1fi"", ""extensions"": {}}, ""dexscreener_data"": {}, ""jupiter_price_data"": {}}",0,0,0,,,10.0,0,0,,
4GkLcvQ2ELtnWG28Tt77fWTvj4nyN6mHtgiSLbycLKjT,PEPEWAR,Pepe War 3,8,https://bafybeiedtg5g4bf5d7xmwsz3egtebpvjcgfd6o6huvuw5puz4vk6a6sci4.ipfs.nftstorage.link/,,,,,,,,,[],,0,0,2025-07-24 18:00:49,2025-07-24 18:00:49,jupiter,"[""unknown""]","{""jupiter_data"": {""logoURI"": ""https://bafybeiedtg5g4bf5d7xmwsz3egtebpvjcgfd6o6huvuw5puz4vk6a6sci4.ipfs.nftstorage.link/"", ""extensions"": {}}, ""dexscreener_data"": {}, ""jupiter_price_data"": {}}",0,0,0,,,10.0,0,0,,
5vLtqqBewSMeM2Gasktopo55uJCpgx3N8dypVW1Apump,WOJAK,Wojak Pump,6,https://cf-ipfs.com/ipfs/QmYg4zmzjYJGdVsqBo86332kCBUZ95TVfbZAe5eSepTmB7,,,,,,,,,[],,0,0,2025-07-24 18:00:50,2025-07-24 18:00:50,jupiter,"[""unknown""]","{""jupiter_data"": {""logoURI"": ""https://cf-ipfs.com/ipfs/QmYg4zmzjYJGdVsqBo86332kCBUZ95TVfbZAe5eSepTmB7"", ""extensions"": {}}, ""dexscreener_data"": {}, ""jupiter_price_data"": {}}",0,0,0,,,9.0,0,0,,
6GHk7ndrZ2CZSVo5HuBZFT3V8z39vXRx6F7AFjAWTqCt,$KONKE,Konke on Sol,9,https://gateway.irys.xyz/MqUf5-PRdbV7hXne3M5mf-v6fXxK-VpetaA7ulCcbxk,,,,,,,,,[],,0,0,2025-07-24 18:00:51,2025-07-24 18:00:51,jupiter,"[""unknown""]","{""jupiter_data"": {""logoURI"": ""https://gateway.irys.xyz/MqUf5-PRdbV7hXne3M5mf-v6fXxK-VpetaA7ulCcbxk"", ""extensions"": {}}, ""dexscreener_data"": {}, ""jupiter_price_data"": {}}",0,0,0,,,8.0,0,0,,
Ak9mTK3252BvKVAqQWG1uyXXMV89rs3sQRaoovHcpump,PUMPIUM,PUMPIUM,6,https://cf-ipfs.com/ipfs/QmRhYujpHjCcmaJwSSQ9zDEi7e8BBCPvzjnFHmbpcoXRv6,,,,,,,,,[],,0,0,2025-07-24 18:00:51,2025-07-24 18:00:51,jupiter,"[""unknown""]","{""jupiter_data"": {""logoURI"": ""https://cf-ipfs.com/ipfs/QmRhYujpHjCcmaJwSSQ9zDEi7e8BBCPvzjnFHmbpcoXRv6"", ""extensions"": {}}, ""dexscreener_data"": {}, ""jupiter_price_data"": {}}",0,0,0,,,8.0,0,0,,
4dzSRcGd2TDxGavfyxZdJjmAVHFDULKi9H9R8WELpump,$BRUMP,$BRUMP,6,https://cf-ipfs.com/ipfs/Qmbwh66Jdo8LteyfTzsQYsE3gzouCTk5mJNQycJpjSczR2,,,,,,,,,[],,0,0,2025-07-24 18:00:52,2025-07-24 18:00:52,jupiter,"[""unknown""]","{""jupiter_data"": {""logoURI"": ""https://cf-ipfs.com/ipfs/Qmbwh66Jdo8LteyfTzsQYsE3gzouCTk5mJNQycJpjSczR2"", ""extensions"": {}}, ""dexscreener_data"": {}, ""jupiter_price_data"": {}}",0,0,0,,,8.0,0,0,,
CymMBRBRynQ19gEEK6LkrSMtxPyiM186WT9vio7bpump,$TOPGG,TopGG.fun,6,https://cf-ipfs.com/ipfs/QmTNhfM4N7d2ikpdgiYU6JoNUr3itJ9s5Ru6gc5igs2XZx,,,,,,,,,[],,0,0,2025-07-24 18:00:53,2025-07-24 18:00:53,jupiter,"[""unknown""]","{""jupiter_data"": {""logoURI"": ""https://cf-ipfs.com/ipfs/QmTNhfM4N7d2ikpdgiYU6JoNUr3itJ9s5Ru6gc5igs2XZx"", ""extensions"": {}}, ""dexscreener_data"": {}, ""jupiter_price_data"": {}}",0,0,0,,,8.0,0,0,,
Fdakzd6HftJPHBDqAZ9Wrybyoyj7ft9bQv4r3CZ3pump,$NIOCTIB ,Satoshiâ€™s Dog,6,https://cf-ipfs.com/ipfs/QmTiXpW19KqJngXs6BugbAKK71UwQyEaf5fkRukwdQKa7w,,,,,,,,,[],,0,0,2025-07-24 18:00:54,2025-07-24 18:00:54,jupiter,"[""unknown""]","{""jupiter_data"": {""logoURI"": ""https://cf-ipfs.com/ipfs/QmTiXpW19KqJngXs6BugbAKK71UwQyEaf5fkRukwdQKa7w"", ""extensions"": {}}, ""dexscreener_data"": {}, ""jupiter_price_data"": {}}",0,0,0,,,7.0,0,0,,
DEMApeDwc6YEwvdpUu5Jswxded55c9wN638Y2GXWpump,$CWIQ144P,Cat with 144p Image Quality,6,https://cf-ipfs.com/ipfs/QmeknzyaR6NuGat87jrtNUBEKLXqQD7UjmM1CRbyGnVQny,,,,,,,,,[],,0,0,2025-07-24 18:00:55,2025-07-24 18:00:55,jupiter,"[""unknown""]","{""jupiter_data"": {""logoURI"": ""https://cf-ipfs.com/ipfs/QmeknzyaR6NuGat87jrtNUBEKLXqQD7UjmM1CRbyGnVQny"", ""extensions"": {}}, ""dexscreener_data"": {}, ""jupiter_price_data"": {}}",0,0,0,,,7.0,0,0,,
6FxLU614v6L9LYdZxjQwtKwRcpL6JQ7JvfGYDNHhpump,TUR,TURTIE,6,https://cf-ipfs.com/ipfs/QmXp1ZeUZHANmQD3o9mzNKjUvEMDWLsJhgawMjaUuEZAuC,,,,,,,,,[],,0,0,2025-07-24 18:00:56,2025-07-24 18:00:56,jupiter,"[""unknown""]","{""jupiter_data"": {""logoURI"": ""https://cf-ipfs.com/ipfs/QmXp1ZeUZHANmQD3o9mzNKjUvEMDWLsJhgawMjaUuEZAuC"", ""extensions"": {}}, ""dexscreener_data"": {}, ""jupiter_price_data"": {}}",0,0,0,,,6.0,0,0,,
5XFnEmDbpjkU87uckHT6Hep4Qc9GqLUfZMS4JLHDpump,lolwut,lolwut,6,https://cf-ipfs.com/ipfs/Qmacvon8GieW8UijFCjGMrPqRQGMTF1XV8LTxjmYPocKSd,,,,,,,,,[],,0,0,2025-07-24 18:00:56,2025-07-24 18:00:56,jupiter,"[""unknown""]","{""jupiter_data"": {""logoURI"": ""https://cf-ipfs.com/ipfs/Qmacvon8GieW8UijFCjGMrPqRQGMTF1XV8LTxjmYPocKSd"", ""extensions"": {}}, ""dexscreener_data"": {}, ""jupiter_price_data"": {}}",0,0,0,,,6.0,0,0,,
DFRaQWsgtbNr3a78926wLCCYmiGFueC3p5Ep4X3MRygE,SOYJAK,SOYJAK,6,https://cf-ipfs.com/ipfs/QmNUkR8V3RkGoRSmdqciJekbwbdcTXrmvBsBrfJDprNNFj,,,,,,,,,[],,0,0,2025-07-24 18:00:57,2025-07-24 18:00:57,jupiter,"[""unknown""]","{""jupiter_data"": {""logoURI"": ""https://cf-ipfs.com/ipfs/QmNUkR8V3RkGoRSmdqciJekbwbdcTXrmvBsBrfJDprNNFj"", ""extensions"": {}}, ""dexscreener_data"": {}, ""jupiter_price_data"": {}}",0,0,0,,,6.0,0,0,,
FGK9EVh9EXRe8Xydh2zsRpyvW4Knh92uddnvFJtSpump,MYRO,First Solana Dog,6,https://cf-ipfs.com/ipfs/Qmb5qKTdEQizcdu7LEDifHEMic6UeiNj84ckgyVV26WSDz,,,,,,,,,[],,0,0,2025-07-24 18:00:58,2025-07-24 18:00:58,jupiter,"[""unknown""]","{""jupiter_data"": {""logoURI"": ""https://cf-ipfs.com/ipfs/Qmb5qKTdEQizcdu7LEDifHEMic6UeiNj84ckgyVV26WSDz"", ""extensions"": {}}, ""dexscreener_data"": {}, ""jupiter_price_data"": {}}",0,0,0,,,6.0,0,0,,
E8NrmwjesHp1QKCD8S2xBbUCWeHYVxLj7KEjhbvSMsZC,PEPEPND,Pepe pond,9,https://sapphire-lazy-macaw-504.mypinata.cloud/ipfs/QmZqBL2Y2N9VKLddSV3JcFYnjQxK4siFgCh8WdUTsyak2S,,,,,,,,,[],,0,0,2025-07-24 18:02:07,2025-07-24 18:02:07,jupiter,"[""unknown""]","{""jupiter_data"": {""logoURI"": ""https://sapphire-lazy-macaw-504.mypinata.cloud/ipfs/QmZqBL2Y2N9VKLddSV3JcFYnjQxK4siFgCh8WdUTsyak2S"", ""extensions"": {}}, ""dexscreener_data"": {}, ""jupiter_price_data"": {}}",0,0,0,,,10.0,0,0,,
5GyFf8zH6e86MFrhJwCagiyEVFCspr64dHHaZh8r6LiG,TASTY,Big Tasty by Matt Furie / sHGQnYLhNgRNRcquHogYS7R7s2UcrNUNDiunALSpump,6,https://bafkreieh6zdhcqme5pob5vvaawmdigkduv66vwrxkxqatevvy2ucguwisa.ipfs.nftstorage.link,,,,,,,,,[],,0,0,2025-07-24 18:02:08,2025-07-24 18:02:08,jupiter,"[""unknown"", ""token-2022""]","{""jupiter_data"": {""logoURI"": ""https://bafkreieh6zdhcqme5pob5vvaawmdigkduv66vwrxkxqatevvy2ucguwisa.ipfs.nftstorage.link"", ""extensions"": {}}, ""dexscreener_data"": {}, ""jupiter_price_data"": {}}",0,0,0,,,8.0,0,0,,
9p7aZPoGipNNbnGntMFww5aGMbesYV7twbuuviD1bp5S,BTG,BATDOGE,3,https://arweave.net/FKppX6vpIA5WfHqp8yYPyWahlGNpDK64CRxgUk0rIfM?ext=png,,,,,,,,,[],,0,0,2025-07-24 18:02:09,2025-07-24 18:02:09,jupiter,"[""unknown""]","{""jupiter_data"": {""logoURI"": ""https://arweave.net/FKppX6vpIA5WfHqp8yYPyWahlGNpDK64CRxgUk0rIfM?ext=png"", ""extensions"": {}}, ""dexscreener_data"": {}, ""jupiter_price_data"": {}}",0,0,0,,,8.0,0,0,,
5UDayxrAck8uSuSJ8CCQfvdd51ioEj6JYQ7jDiPbpump,$GAYFATCAT,the gay fat cat,6,https://cf-ipfs.com/ipfs/QmWwovdCY2oWNSdFWYepprFVkVko54hSyFtwhModrk2LZc,,,,,,,,,[],,0,0,2025-07-24 18:02:09,2025-07-24 18:02:09,jupiter,"[""unknown""]","{""jupiter_data"": {""logoURI"": ""https://cf-ipfs.com/ipfs/QmWwovdCY2oWNSdFWYepprFVkVko54hSyFtwhModrk2LZc"", ""extensions"": {}}, ""dexscreener_data"": {}, ""jupiter_price_data"": {}}",0,0,0,,,7.0,0,0,,
EDTc4D5ZjfjmK3rKEoG7CDMPKCzGMQgvT8sZcRyFpump,Nico,The Alien Seal,6,https://cf-ipfs.com/ipfs/QmNVNnwEbDdRbTGuMvZYzxFuyv1pQR6QvT1bqwd8k7yX7E,,,,,,,,,[],,0,0,2025-07-24 18:02:10,2025-07-24 18:02:10,jupiter,"[""unknown""]","{""jupiter_data"": {""logoURI"": ""https://cf-ipfs.com/ipfs/QmNVNnwEbDdRbTGuMvZYzxFuyv1pQR6QvT1bqwd8k7yX7E"", ""extensions"": {}}, ""dexscreener_data"": {}, ""jupiter_price_data"": {}}",0,0,0,,,6.0,0,0,,
aUTbZbaH3unA1ZQ4j6dbLuMUYbkr4BYSSYdmamrEf5W,APPA,Avatar Aang's Appa,8,https://gateway.irys.xyz/8lhcVhm0J1K4NTbKSra5a0OWwsEoAQG4J0FwinXzJXw,,,,,,,,,[],,0,0,2025-07-24 18:02:11,2025-07-24 18:02:11,jupiter,"[""unknown""]","{""jupiter_data"": {""logoURI"": ""https://gateway.irys.xyz/8lhcVhm0J1K4NTbKSra5a0OWwsEoAQG4J0FwinXzJXw"", ""extensions"": {}}, ""dexscreener_data"": {}, ""jupiter_price_data"": {}}",0,0,0,,,6.0,0,0,,
8XSsNvaKU9FDhYWAv7Yc7qSNwuJSzVrXBNEk7AFiWF69,abUSDC,Wrapped USDC (Allbridge from BSC),9,https://raw.githubusercontent.com/solana-labs/token-list/main/assets/mainnet/BXXkv6z8ykpG1yuvUDPgh732wzVHB69RnB9YgSYh3itW/logo.png,,,,,,,,,[],,0,0,2025-07-24 18:02:12,2025-07-24 18:02:12,jupiter,"[""old-registry""]","{""jupiter_data"": {""logoURI"": ""https://raw.githubusercontent.com/solana-labs/token-list/main/assets/mainnet/BXXkv6z8ykpG1yuvUDPgh732wzVHB69RnB9YgSYh3itW/logo.png"", ""extensions"": {}}, ""dexscreener_data"": {}, ""jupiter_price_data"": {}}",0,0,0,,,6.0,0,0,,
8NZqqeTp86JiRfGrRtuX1EUmppdAwufRzGg6sAa8pump,BIGGIE,biggie,6,https://cf-ipfs.com/ipfs/QmVKWmAyNsAXvUEHMk6698fKN3BEiSuGwhEwJ6GaTNm2Ft,,,,,,,,,[],,0,0,2025-07-24 18:02:13,2025-07-24 18:02:13,jupiter,"[""unknown""]","{""jupiter_data"": {""logoURI"": ""https://cf-ipfs.com/ipfs/QmVKWmAyNsAXvUEHMk6698fKN3BEiSuGwhEwJ6GaTNm2Ft"", ""extensions"": {}}, ""dexscreener_data"": {}, ""jupiter_price_data"": {}}",0,0,0,,,6.0,0,0,,
33m3WP5c2JMebdY7hLNbaZxVnC12uKww3DoSkZQvxYf4,BATCAT,Batcat,9,https://bafkreig3noif5ce5z6omgfql36lvo3syr3ymupqhh4zi2lbcskmyrftkdm.ipfs.nftstorage.link,,,,,,,,,[],,0,0,2025-07-24 18:02:14,2025-07-24 18:02:14,jupiter,"[""unknown""]","{""jupiter_data"": {""logoURI"": ""https://bafkreig3noif5ce5z6omgfql36lvo3syr3ymupqhh4zi2lbcskmyrftkdm.ipfs.nftstorage.link"", ""extensions"": {}}, ""dexscreener_data"": {}, ""jupiter_price_data"": {}}",0,0,0,,,6.0,0,0,,
25Bqzr3pwVPNyp9saMiTPRW8G5n3XGJTdR3XwQaNpump,MEOW,Meow Money,6,https://cf-ipfs.com/ipfs/Qmckror7h9SKacJas95tAqwovdJthPHkKdRi8ayuhqud1M,,,,,,,,,[],,0,0,2025-07-24 18:02:15,2025-07-24 18:02:15,jupiter,"[""unknown""]","{""jupiter_data"": {""logoURI"": ""https://cf-ipfs.com/ipfs/Qmckror7h9SKacJas95tAqwovdJthPHkKdRi8ayuhqud1M"", ""extensions"": {}}, ""dexscreener_data"": {}, ""jupiter_price_data"": {}}",0,0,0,,,6.0,0,0,,
3crQYnXp7anaWQEaC7ZyGr8UWitdbc3oMLkyKW2Kpump,CD,CTOwifDEV,6,https://cf-ipfs.com/ipfs/QmfZTGXx82FhAmtBcCXAj9X6JLeWDA98SP5jEq8rEv9NGh,,,,,,,,,[],,0,0,2025-07-24 18:02:16,2025-07-24 18:02:16,jupiter,"[""unknown""]","{""jupiter_data"": {""logoURI"": ""https://cf-ipfs.com/ipfs/QmfZTGXx82FhAmtBcCXAj9X6JLeWDA98SP5jEq8rEv9NGh"", ""extensions"": {}}, ""dexscreener_data"": {}, ""jupiter_price_data"": {}}",0,0,0,,,6.0,0,0,,
qZMmj4uMURQTZdsS6Q8wZwvugtWHM6XTx9fc5AeTgj5,KEI,Kei Cenot,9,https://bafkreic3utqkfysuk347um7dzcb4fni34zjwsjzdxe6liwt446qiyjpf7i.ipfs.nftstorage.link,,,,,,,,,[],,0,0,2025-07-24 18:02:16,2025-07-24 18:02:16,jupiter,"[""unknown""]","{""jupiter_data"": {""logoURI"": ""https://bafkreic3utqkfysuk347um7dzcb4fni34zjwsjzdxe6liwt446qiyjpf7i.ipfs.nftstorage.link"", ""extensions"": {}}, ""dexscreener_data"": {}, ""jupiter_price_data"": {}}",0,0,0,,,6.0,0,0,,
7Nj5DBnPTo3e5m7zbcjNe8t1cRwAToY354QseXE7pump,2gâ€˜s,Baby fuku and friend hakuso ,6,https://cf-ipfs.com/ipfs/QmUcmXgH24bNPNWJq2VP1b8z1Gpc332usSNzSVyXbVrUv3,,,,,,,,,[],,0,0,2025-07-24 18:02:17,2025-07-24 18:02:17,jupiter,"[""unknown""]","{""jupiter_data"": {""logoURI"": ""https://cf-ipfs.com/ipfs/QmUcmXgH24bNPNWJq2VP1b8z1Gpc332usSNzSVyXbVrUv3"", ""extensions"": {}}, ""dexscreener_data"": {}, ""jupiter_price_data"": {}}",0,0,0,,,6.0,0,0,,
4UVdiU5Cb3Ad17ds3HFKz5zcaNMDaC6aUpYwZQ6DVpka,TWIF,TateWifHatSol,9,https://arweave.net/0zptx6ifpkuNh3Jhh9vfOholjMC0Mi4Be2sjgAez5IY,,,,,,,,,[],,0,0,2025-07-24 18:02:18,2025-07-24 18:02:18,jupiter,"[""unknown""]","{""jupiter_data"": {""logoURI"": ""https://arweave.net/0zptx6ifpkuNh3Jhh9vfOholjMC0Mi4Be2sjgAez5IY"", ""extensions"": {}}, ""dexscreener_data"": {}, ""jupiter_price_data"": {}}",0,0,0,,,6.0,0,0,,
FWZr5i7xHD7XUrbceViSAwwBWiyJNWk4ajURZDSKkXEt,DD,DragonDough,9,https://arweave.net/T8YFTw8XPqkZy8U0ACFX4s9VR_5Z8SjBUsefACqq6VM,,,,,,,,,[],,0,0,2025-07-24 18:02:19,2025-07-24 18:02:19,jupiter,"[""unknown""]","{""jupiter_data"": {""logoURI"": ""https://arweave.net/T8YFTw8XPqkZy8U0ACFX4s9VR_5Z8SjBUsefACqq6VM"", ""extensions"": {}}, ""dexscreener_data"": {}, ""jupiter_price_data"": {}}",0,0,0,,,6.0,0,0,,
CWE8jPTUYhdCTZYWPTe1o5DFqfdjzWKc9WKz6rSjQUdG,soLINK,Wrapped Chainlink (Sollet),6,https://raw.githubusercontent.com/solana-labs/token-list/main/assets/mainnet/CWE8jPTUYhdCTZYWPTe1o5DFqfdjzWKc9WKz6rSjQUdG/logo.png,,2309391.0,2108.94,31.21,-0.07,23269.401714443495,1669610361000,,[],,1,0,2025-07-24 18:03:27,2025-07-24 18:03:27,jupiter,"[""old-registry"", ""solana-fm""]","{""jupiter_data"": {""logoURI"": ""https://raw.githubusercontent.com/solana-labs/token-list/main/assets/mainnet/CWE8jPTUYhdCTZYWPTe1o5DFqfdjzWKc9WKz6rSjQUdG/logo.png"", ""extensions"": {}}, ""dexscreener_data"": {}, ""jupiter_price_data"": {}}",0,0,0,,,11.0,0,0,,
hKNwLYNFLCVeLY9Geic6wyhcJxxMTurQtDoYdujjVjj,BEM,Black Elon Musk,8,https://gateway.irys.xyz/hcD_HqRy0J_8sEbNpPX-81G9-abDQrMi8kr0YrDpwW8,,,,,,,,,[],,0,0,2025-07-24 18:03:28,2025-07-24 18:03:28,jupiter,"[""unknown""]","{""jupiter_data"": {""logoURI"": ""https://gateway.irys.xyz/hcD_HqRy0J_8sEbNpPX-81G9-abDQrMi8kr0YrDpwW8"", ""extensions"": {}}, ""dexscreener_data"": {}, ""jupiter_price_data"": {}}",0,0,0,,,11.0,0,0,,
A3hkUyKHeEX2cV2RWgxaKxQiggheyNY1PbgduRnMvqhj,GM,Good Morning Pepe Department,6,https://bafybeiaqdj3ebbskdocr3meabtu56k6m4hcjv3lfsbedhmal73v2j4uudq.ipfs.nftstorage.link,,,,,,,,,[],,0,0,2025-07-24 18:03:29,2025-07-24 18:03:29,jupiter,"[""unknown""]","{""jupiter_data"": {""logoURI"": ""https://bafybeiaqdj3ebbskdocr3meabtu56k6m4hcjv3lfsbedhmal73v2j4uudq.ipfs.nftstorage.link"", ""extensions"": {}}, ""dexscreener_data"": {}, ""jupiter_price_data"": {}}",0,0,0,,,11.0,0,0,,
GsFnTPQae3kd9Kd5zXZTkgpmtjD7Bg4mjsuXvC939vnF,AIROSE,AI ROSE,9,https://bafybeiesio6zfo3axnnprfv7w6voczgd2q6cl7j4kwxgii2m664uo5dvda.ipfs.nftstorage.link,,,,,,,,,[],,0,0,2025-07-24 18:03:29,2025-07-24 18:03:29,jupiter,"[""unknown""]","{""jupiter_data"": {""logoURI"": ""https://bafybeiesio6zfo3axnnprfv7w6voczgd2q6cl7j4kwxgii2m664uo5dvda.ipfs.nftstorage.link"", ""extensions"": {}}, ""dexscreener_data"": {}, ""jupiter_price_data"": {}}",0,0,0,,,11.0,0,0,,
ceb8dgFQd1LZKSMtbnDjg9J9P2updWNkyYsi2KWcCHw,CUCKCHAIR,CUCK CHAIR,6,https://pbs.twimg.com/media/GLFK_QvaoAA7hwe?format=jpg&name=small,,,,,,,,,[],,0,0,2025-07-24 18:03:30,2025-07-24 18:03:30,jupiter,"[""unknown""]","{""jupiter_data"": {""logoURI"": ""https://pbs.twimg.com/media/GLFK_QvaoAA7hwe?format=jpg&name=small"", ""extensions"": {}}, ""dexscreener_data"": {}, ""jupiter_price_data"": {}}",0,0,0,,,10.0,0,0,,
81zW8ih92R7yF3TdCPvSi433Bi9EhU1xC2HZ5teq3gaW,ELONPHANT,Elonphant Musk,9,https://i.imgur.com/SErkVYJ.png,,,,,,,,,[],,0,0,2025-07-24 18:03:31,2025-07-24 18:03:31,jupiter,"[""unknown""]","{""jupiter_data"": {""logoURI"": ""https://i.imgur.com/SErkVYJ.png"", ""extensions"": {}}, ""dexscreener_data"": {}, ""jupiter_price_data"": {}}",0,0,0,,,10.0,0,0,,
72fncYab9aL558SaERdZVuxhNLjBXtxeJoCVKYBUpump,TRUMPIL,TRUMPIL,6,https://cf-ipfs.com/ipfs/QmbZ6pW1j8ZkZyrRdaWWYkRdfMLqpU3xSE4uqqU3EPLCUt,,,,,,,,,[],,0,0,2025-07-24 18:03:32,2025-07-24 18:03:32,jupiter,"[""unknown""]","{""jupiter_data"": {""logoURI"": ""https://cf-ipfs.com/ipfs/QmbZ6pW1j8ZkZyrRdaWWYkRdfMLqpU3xSE4uqqU3EPLCUt"", ""extensions"": {}}, ""dexscreener_data"": {}, ""jupiter_price_data"": {}}",0,0,0,,,10.0,0,0,,
vSgFtFwZjFzUFv5SsG8PnMpiFfEcJk9yWfMmKgtpump,MOON,Mooncat,6,https://gateway.irys.xyz/M_5Zuxx3-o0HLcCs_a_dHE_cl8nTG-ws8HoHC2rH0Ys,,,,,,,,,[],,0,0,2025-07-24 18:03:33,2025-07-24 18:03:33,jupiter,"[""unknown""]","{""jupiter_data"": {""logoURI"": ""https://gateway.irys.xyz/M_5Zuxx3-o0HLcCs_a_dHE_cl8nTG-ws8HoHC2rH0Ys"", ""extensions"": {}}, ""dexscreener_data"": {}, ""jupiter_price_data"": {}}",0,0,0,,,9.0,0,0,,
12kmqxhXyTZgBYLR2fhR1SoigrEFCFJsTLcVQVx3V89B,$PIPER,VanEck Dog,6,https://bafkreicp7xqm7r6ckgk5tctillhwx4ogyvgo3goolxs5fppw3s2qrh2kc4.ipfs.nftstorage.link,,,,,,,,,[],,0,0,2025-07-24 18:03:33,2025-07-24 18:03:33,jupiter,"[""unknown""]","{""jupiter_data"": {""logoURI"": ""https://bafkreicp7xqm7r6ckgk5tctillhwx4ogyvgo3goolxs5fppw3s2qrh2kc4.ipfs.nftstorage.link"", ""extensions"": {}}, ""dexscreener_data"": {}, ""jupiter_price_data"": {}}",0,0,0,,,8.0,0,0,,
FhZPXm9vBUw16WFmreFftP1oyBwZH8jnDbY6n6wJY9mQ,$SPOO,Spooderman,9,https://gateway.irys.xyz/bNduw3miJueSVx3vQ87bymGskpI_YYIzSrPiEATSVkY,,,,,,,,,[],,0,0,2025-07-24 18:03:34,2025-07-24 18:03:34,jupiter,"[""unknown""]","{""jupiter_data"": {""logoURI"": ""https://gateway.irys.xyz/bNduw3miJueSVx3vQ87bymGskpI_YYIzSrPiEATSVkY"", ""extensions"": {}}, ""dexscreener_data"": {}, ""jupiter_price_data"": {}}",0,0,0,,,8.0,0,0,,
GuVofnRFUhQqmuU8LPKr3QXihiZefrNw9pJCTN1rQM6b,$Dreg,Dregon,6,https://bafkreifn4kgsovd63jfmcf2ohc5ctv5gknerthdxtwfj45bofxp2ctqnjm.ipfs.nftstorage.link,,,,,,,,,[],,0,0,2025-07-24 18:03:35,2025-07-24 18:03:35,jupiter,"[""unknown""]","{""jupiter_data"": {""logoURI"": ""https://bafkreifn4kgsovd63jfmcf2ohc5ctv5gknerthdxtwfj45bofxp2ctqnjm.ipfs.nftstorage.link"", ""extensions"": {}}, ""dexscreener_data"": {}, ""jupiter_price_data"": {}}",0,0,0,,,8.0,0,0,,
CWhZQKbQ6P4enMaoqwYGx2TwnES4Y8nQEPqNk5KBpump,GMFAP,DRAKE GIMP MASK,6,https://cf-ipfs.com/ipfs/Qmdzww26zR5eq6tfEgqPbT5WSq53NBNU2HkuLC1SgJDf4g,,,,,,,,,[],,0,0,2025-07-24 18:03:36,2025-07-24 18:03:36,jupiter,"[""unknown""]","{""jupiter_data"": {""logoURI"": ""https://cf-ipfs.com/ipfs/Qmdzww26zR5eq6tfEgqPbT5WSq53NBNU2HkuLC1SgJDf4g"", ""extensions"": {}}, ""dexscreener_data"": {}, ""jupiter_price_data"": {}}",0,0,0,,,6.0,0,0,,
8C6WCteF98mKoqSJ6ocESDM7YTZztgctGoN9LGZopump,STO,Solana CTO,6,https://cf-ipfs.com/ipfs/QmdeEWdQ7XHmVQP1tEgNUhkkJiQjDQvarLcL97QLvaWsMA,,,,,,,,,[],,0,0,2025-07-24 18:03:37,2025-07-24 18:03:37,jupiter,"[""unknown""]","{""jupiter_data"": {""logoURI"": ""https://cf-ipfs.com/ipfs/QmdeEWdQ7XHmVQP1tEgNUhkkJiQjDQvarLcL97QLvaWsMA"", ""extensions"": {}}, ""dexscreener_data"": {}, ""jupiter_price_data"": {}}",0,0,0,,,6.0,0,0,,
Ecm8fBZZgqqUf5sd1UYZnUs6XqBcCZNc4ZQjzL41pump,Resea,Research,6,https://cf-ipfs.com/ipfs/QmcuakuvVRpUGfnwnMqf8BDhAoTS59iR6Xv5ZSRnkoL6W4,,,,,,,,,[],,0,0,2025-07-24 18:03:38,2025-07-24 18:03:38,jupiter,"[""unknown""]","{""jupiter_data"": {""logoURI"": ""https://cf-ipfs.com/ipfs/QmcuakuvVRpUGfnwnMqf8BDhAoTS59iR6Xv5ZSRnkoL6W4"", ""extensions"": {}}, ""dexscreener_data"": {}, ""jupiter_price_data"": {}}",0,0,0,,,6.0,0,0,,
FFVSJiH5fAMLDT6cowQepaMZ2JaRW8HfzDHiN6zLpump,sookie,sookie,6,https://cf-ipfs.com/ipfs/QmS1G3zpmuzLSzyCDW7j2ftd9UFZZmNNcUcMNaethja4LR,,,,,,,,,[],,0,0,2025-07-24 18:03:38,2025-07-24 18:03:38,jupiter,"[""unknown""]","{""jupiter_data"": {""logoURI"": ""https://cf-ipfs.com/ipfs/QmS1G3zpmuzLSzyCDW7j2ftd9UFZZmNNcUcMNaethja4LR"", ""extensions"": {}}, ""dexscreener_data"": {}, ""jupiter_price_data"": {}}",0,0,0,,,6.0,0,0,,
